vertex_x,vertex_y,vertex_z
0.3943900074102897,-0.04109009886425233,0.2727197706348995
0.48868537577679716,-0.038854584628256306,0.2703387480479815
0.5225911591556458,-0.008603963288873417,0.26815368196675654
0.5221226960849727,0.06258602835932014,0.264952234760302
0.40989110120051964,0.060172281626648116,0.2677750127002778
0.391917867948244,0.03894517773042672,0.2691675898024204

