vertex_x,vertex_y,vertex_z
0.448513853805108,-0.15168758362064644,0.307430308433114
0.5416030925041684,-0.05735670769974324,0.30317807083881215
0.44818644128100393,0.03309001899930192,0.2943814774022629
0.35658146149028125,-0.05924107756827121,0.2985309304661742
0.448513853805108,-0.15168758362064644,0.307430308433114
