vertex_x,vertex_y,vertex_z
0.45325081729498407,-0.1555746359118568,0.247144781233756
0.5471060676662775,-0.06194901461103475,0.2429621061077614
0.5467897043712722,-0.05605429785907287,0.24253792286688794
0.3365398885426265,0.014217542367596814,0.23214669509708794
0.4483394676631637,0.033295621185241486,0.2336886896015928
0.3563272301738315,-0.0613022172237212,0.2379875924962152
0.35695335721630783,-0.06472211488011817,0.2382451223949035
0.45033163461958714,-0.1551591029568095,0.24704003713748288
