vertex_x,vertex_y,vertex_z
0.3804083806352116,-0.06640186508835622,0.15957526191288696
0.47673486003121435,-0.06152441608210957,0.16910789649517782
0.4745006931004745,-0.0618228355178532,0.16887546463350925
0.5032790006015285,-0.025786435225318538,0.17383871106597826
0.49841685025901716,0.04048649494291867,0.17742668136118556
0.38823198863674896,0.03304754623254419,0.16640882968056406
0.3767954771184533,0.013821481089751508,0.1641363713529406
