vertex_x,vertex_y,vertex_z
0.3711996363764968,-0.06674088063887162,0.16252704667274243
0.47449930196213314,-0.06283479108165879,0.17266874033901455
0.5045208223295318,-0.02477575220285788,0.17787489622282449
0.5001175237838333,0.03368301210275815,0.1810288424230071
0.3899360945341013,0.03229304025246266,0.17038135046014566
0.37457024985147797,0.017491320013103495,0.16800285739059528
0.3711996363764968,-0.06674088063887162,0.16252704667274243
