vertex_x,vertex_y,vertex_z
0.35153498002351946,-0.15744993310435054,0.30271776914240467
0.5453084563823146,-0.15613199718838372,0.3076309929641083
0.5483336335161069,0.03880239435839211,0.2939519792730206
0.3513135843040144,0.0385412877765311,0.28888029463960224
0.35153498002351946,-0.15744993310435054,0.30271776914240467
