vertex_x,vertex_y,vertex_z
0.3909386630662469,-0.10274157008982704,0.3040514555723863
0.4880776875467832,-0.10200310242024596,0.30650897486637446
0.5098107028736794,-0.08114660883050079,0.3055985458515631
0.5116993288662106,-0.03607451425062436,0.30246645129612987
0.4153745779849538,-0.03616734499014196,0.29998440441586854
0.3907532607965719,-0.0603067784434109,0.30105190072722277
0.3909386630662469,-0.10274157008982704,0.3040514555723863
